kana,targetKanji,sentence,imageURL,tags
ひと,一,ひとで学ぶ,,小1
なな,七,ななで学ぶ,,小1
み,三,みであそぶ,,小1
うえ,上,うえで学ぶ,,小1
した,下,したの本をよむ,,小1
なか,中,なかへ行く,,小1
ここの,九,ここのへ行く,,小1
ふた,二,ふたの写真をとる,,小1
いつ,五,いつでおよぐ,,小1
ひと,人,ひとへ行く,,小1
やす,休,やすの写真をとる,,小1
さき,先,さきであそぶ,,小1
い,入,いでおよぐ,,小1
や,八,やの写真をとる,,小1
む,六,むであそぶ,,小1
まる,円,まるへ行く,,小1
で,出,での写真をとる,,小1
ちから,力,ちからをかく,,小1
とお,十,とおでおよぐ,,小1
ち,千,ちの本をよむ,,小1
くち,口,くちへ行く,,小1
みぎ,右,みぎの写真をとる,,小1
な,名,なをかく,,小1
よ,四,よでおよぐ,,小1
つち,土,つちで学ぶ,,小1
ゆう,夕,ゆうであそぶ,,小1
おお,大,おおでおよぐ,,小1
あまつ,天,あまつで学ぶ,,小1
おんな,女,おんなで学ぶ,,小1
こ,子,こで学ぶ,,小1
あざ,字,あざへ行く,,小1
まな,学,まなで学ぶ,,小1
ちい,小,ちいであそぶ,,小1
やま,山,やまでおよぐ,,小1
かわ,川,かわの本をよむ,,小1
ひだり,左,ひだりの写真をとる,,小1
とし,年,としであそぶ,,小1
て,手,てで学ぶ,,小1
ふみ,文,ふみへ行く,,小1
ひ,日,ひで学ぶ,,小1
はや,早,はやをかく,,小1
つき,月,つきをかく,,小1
き,木,きの写真をとる,,小1
もと,本,もとであそぶ,,小1
むら,村,むらの本をよむ,,小1
はやし,林,はやしであそぶ,,小1
こう,校,こうであそぶ,,小1
もり,森,もりの本をよむ,,小1
ただ,正,ただへ行く,,小1
いき,気,いきであそぶ,,小1
みず,水,みずへ行く,,小1
ひ,火,ひへ行く,,小1
いぬ,犬,いぬであそぶ,,小1
たま,玉,たまの写真をとる,,小1
おう,王,おうの本をよむ,,小1
い,生,いでおよぐ,,小1
た,田,たの写真をとる,,小1
おとこ,男,おとこであそぶ,,小1
まち,町,まちへ行く,,小1
しろ,白,しろの写真をとる,,小1
もも,百,ももをかく,,小1
め,目,めの本をよむ,,小1
いし,石,いしをかく,,小1
そら,空,そらの本をよむ,,小1
た,立,たへ行く,,小1
たけ,竹,たけをかく,,小1
いと,糸,いとの写真をとる,,小1
みみ,耳,みみであそぶ,,小1
はな,花,はなをかく,,小1
くさ,草,くさの本をよむ,,小1
むし,虫,むしの写真をとる,,小1
み,見,みの本をよむ,,小1
かい,貝,かいであそぶ,,小1
あか,赤,あかで学ぶ,,小1
あし,足,あしをかく,,小1
くるま,車,くるまの写真をとる,,小1
かね,金,かねへ行く,,小1
あめ,雨,あめをかく,,小1
あお,青,あおへ行く,,小1
おと,音,おとをかく,,小1
よろず,万,よろずをかく,,小2
まる,丸,まるへ行く,,小2
まじ,交,まじの写真をとる,,小2
みやこ,京,みやこの本をよむ,,小2
いま,今,いまでおよぐ,,小2
あ,会,あの本をよむ,,小2
からだ,体,からだであそぶ,,小2
なに,何,なにで学ぶ,,小2
つく,作,つくの本をよむ,,小2
もと,元,もとであそぶ,,小2
あに,兄,あにの本をよむ,,小2
ひか,光,ひかで学ぶ,,小2
おおやけ,公,おおやけであそぶ,,小2
うち,内,うちの本をよむ,,小2
ふゆ,冬,ふゆへ行く,,小2
かたな,刀,かたなであそぶ,,小2
わ,分,わへ行く,,小2
き,切,きへ行く,,小2
まえ,前,まえをかく,,小2
きた,北,きたで学ぶ,,小2
うま,午,うまで学ぶ,,小2
なか,半,なかであそぶ,,小2
みなみ,南,みなみであそぶ,,小2
はら,原,はらの本をよむ,,小2
とも,友,ともで学ぶ,,小2
ふる,古,ふるで学ぶ,,小2
うてな,台,うてなへ行く,,小2
あ,合,あの本をよむ,,小2
おな,同,おなであそぶ,,小2
まわ,回,まわをかく,,小2
え,図,えの本をよむ,,小2
くに,国,くにの本をよむ,,小2
その,園,そので学ぶ,,小2
ち,地,ちをかく,,小2
ば,場,ばをかく,,小2
こえ,声,こえの写真をとる,,小2
う,売,うをかく,,小2
なつ,夏,なつでおよぐ,,小2
そと,外,そとの本をよむ,,小2
おお,多,おおの写真をとる,,小2
よ,夜,よで学ぶ,,小2
ふと,太,ふとでおよぐ,,小2
いもうと,妹,いもうとであそぶ,,小2
あね,姉,あねへ行く,,小2
むろ,室,むろの本をよむ,,小2
いえ,家,いえで学ぶ,,小2
てら,寺,てらの本をよむ,,小2
すく,少,すくで学ぶ,,小2
いわ,岩,いわであそぶ,,小2
こう,工,こうの本をよむ,,小2
いち,市,いちの本をよむ,,小2
かえ,帰,かえの写真をとる,,小2
ひろ,広,ひろの本をよむ,,小2
みせ,店,みせで学ぶ,,小2
ゆみ,弓,ゆみでおよぐ,,小2
ひ,引,ひをかく,,小2
おとうと,弟,おとうとの本をよむ,,小2
よわ,弱,よわをかく,,小2
つよ,強,つよで学ぶ,,小2
あ,当,あで学ぶ,,小2
かた,形,かたでおよぐ,,小2
のち,後,のちへ行く,,小2
こころ,心,こころをかく,,小2
おも,思,おもへ行く,,小2
と,戸,とで学ぶ,,小2
さい,才,さいをかく,,小2
おし,教,おしで学ぶ,,小2
かず,数,かずでおよぐ,,小2
あたら,新,あたらであそぶ,,小2
かた,方,かたへ行く,,小2
あ,明,あでおよぐ,,小2
ほし,星,ほしでおよぐ,,小2
はる,春,はるをかく,,小2
ひる,昼,ひるの本をよむ,,小2
とき,時,ときの本をよむ,,小2
は,晴,はへ行く,,小2
よう,曜,ようであそぶ,,小2
か,書,かで学ぶ,,小2
あさ,朝,あさの本をよむ,,小2
く,来,くの本をよむ,,小2
ひがし,東,ひがしでおよぐ,,小2
たの,楽,たのをかく,,小2
うた,歌,うたの写真をとる,,小2
と,止,とで学ぶ,,小2
ある,歩,あるであそぶ,,小2
はは,母,ははをかく,,小2
ごと,毎,ごとをかく,,小2
け,毛,けであそぶ,,小2
いけ,池,いけであそぶ,,小2
き,汽,きへ行く,,小2
い,活,いをかく,,小2
うみ,海,うみの本をよむ,,小2
つ,点,つの写真をとる,,小2
ちち,父,ちちで学ぶ,,小2
うし,牛,うしで学ぶ,,小2
ことわり,理,ことわりの写真をとる,,小2
もち,用,もちへ行く,,小2
えが,画,えがへ行く,,小2
つが,番,つがへ行く,,小2
ただ,直,ただでおよぐ,,小2
や,矢,やの本をよむ,,小2
し,知,しであそぶ,,小2
やしろ,社,やしろであそぶ,,小2
あき,秋,あきで学ぶ,,小2
か,科,かの写真をとる,,小2
こた,答,こたの本をよむ,,小2
そろ,算,そろであそぶ,,小2
こめ,米,こめの本をよむ,,小2
かみ,紙,かみであそぶ,,小2
ほそ,細,ほそでおよぐ,,小2
く,組,くでおよぐ,,小2
かい,絵,かいでおよぐ,,小2
すじ,線,すじの本をよむ,,小2
は,羽,はでおよぐ,,小2
かんが,考,かんがをかく,,小2
き,聞,きであそぶ,,小2
しし,肉,ししをかく,,小2
みずか,自,みずかの写真をとる,,小2
ふね,船,ふねの写真をとる,,小2
いろ,色,いろであそぶ,,小2
ちゃ,茶,ちゃでおよぐ,,小2
い,行,いでおよぐ,,小2
にし,西,にしへ行く,,小2
おや,親,おやの写真をとる,,小2
かど,角,かどでおよぐ,,小2
い,言,いをかく,,小2
はか,計,はかであそぶ,,小2
しる,記,しるへ行く,,小2
はな,話,はなであそぶ,,小2
かた,語,かたで学ぶ,,小2
よ,読,よでおよぐ,,小2
たに,谷,たにで学ぶ,,小2
か,買,かの写真をとる,,小2
はし,走,はしでおよぐ,,小2
ちか,近,ちかの写真をとる,,小2
とお,通,とおであそぶ,,小2
しゅう,週,しゅうへ行く,,小2
みち,道,みちであそぶ,,小2
とお,遠,とおの写真をとる,,小2
さと,里,さとでおよぐ,,小2
の,野,のでおよぐ,,小2
なが,長,ながの写真をとる,,小2
かど,門,かどであそぶ,,小2
あいだ,間,あいだをかく,,小2
ゆき,雪,ゆきへ行く,,小2
くも,雲,くもであそぶ,,小2
でん,電,でんの写真をとる,,小2
あたま,頭,あたまの本をよむ,,小2
かお,顔,かおをかく,,小2
かぜ,風,かぜで学ぶ,,小2
く,食,くの本をよむ,,小2
くび,首,くびへ行く,,小2
うま,馬,うまであそぶ,,小2
たか,高,たかでおよぐ,,小2
うお,魚,うおの写真をとる,,小2
とり,鳥,とりの写真をとる,,小2
な,鳴,なでおよぐ,,小2
むぎ,麦,むぎで学ぶ,,小2
き,黄,きへ行く,,小2
くろ,黒,くろで学ぶ,,小2
ひのと,丁,ひのとへ行く,,小3
よ,世,よで学ぶ,,小3
てる,両,てるをかく,,小3
ぬし,主,ぬしの本をよむ,,小3
の,乗,のでおよぐ,,小3
あらかじ,予,あらかじへ行く,,小3
こと,事,ことへ行く,,小3
つか,仕,つかをかく,,小3
ほか,他,ほかの写真をとる,,小3
か,代,かをかく,,小3
す,住,すでおよぐ,,小3
つか,使,つかへ行く,,小3
かか,係,かかへ行く,,小3
ばい,倍,ばいで学ぶ,,小3
まった,全,まったでおよぐ,,小3
そな,具,そなであそぶ,,小3
うつ,写,うつで学ぶ,,小3
れつ,列,れつへ行く,,小3
たす,助,たすでおよぐ,,小3
つと,勉,つとの写真をとる,,小3
うご,動,うごで学ぶ,,小3
か,勝,かでおよぐ,,小3
ば,化,ばへ行く,,小3
く,区,くで学ぶ,,小3
い,医,いでおよぐ,,小3
さ,去,さへ行く,,小3
そ,反,そで学ぶ,,小3
と,取,との本をよむ,,小3
う,受,うであそぶ,,小3
さけ,号,さけへ行く,,小3
む,向,むであそぶ,,小3
きみ,君,きみであそぶ,,小3
あじ,味,あじで学ぶ,,小3
いのち,命,いのちでおよぐ,,小3
やわ,和,やわで学ぶ,,小3
しな,品,しなの本をよむ,,小3
いん,員,いんでおよぐ,,小3
あきな,商,あきなでおよぐ,,小3
と,問,とでおよぐ,,小3
さか,坂,さかの写真をとる,,小3
おう,央,おうへ行く,,小3
はじ,始,はじの写真をとる,,小3
ゆだ,委,ゆだをかく,,小3
まも,守,まもで学ぶ,,小3
やす,安,やすでおよぐ,,小3
さだ,定,さだで学ぶ,,小3
み,実,みをかく,,小3
きゃく,客,きゃくで学ぶ,,小3
みや,宮,みやで学ぶ,,小3
やど,宿,やどをかく,,小3
さむ,寒,さむでおよぐ,,小3
あいて,対,あいてであそぶ,,小3
つぼね,局,つぼねであそぶ,,小3
や,屋,やへ行く,,小3
きし,岸,きしの写真をとる,,小3
しま,島,しまをかく,,小3
す,州,すの写真をとる,,小3
とばり,帳,とばりへ行く,,小3
たい,平,たいで学ぶ,,小3
さいわ,幸,さいわで学ぶ,,小3
たび,度,たびであそぶ,,小3
くら,庫,くらでおよぐ,,小3
にわ,庭,にわで学ぶ,,小3
しき,式,しきをかく,,小3
やく,役,やくでおよぐ,,小3
ま,待,まであそぶ,,小3
いそ,急,いその本をよむ,,小3
いき,息,いきをかく,,小3
わる,悪,わるの写真をとる,,小3
かな,悲,かなの写真をとる,,小3
おも,想,おもへ行く,,小3
い,意,いでおよぐ,,小3
かん,感,かんをかく,,小3
ところ,所,ところであそぶ,,小3
う,打,うの本をよむ,,小3
な,投,なの本をよむ,,小3
ひろ,拾,ひろをかく,,小3
も,持,もの本をよむ,,小3
ゆび,指,ゆびで学ぶ,,小3
はな,放,はなでおよぐ,,小3
ととの,整,ととのであそぶ,,小3
たび,旅,たびの写真をとる,,小3
ぞく,族,ぞくであそぶ,,小3
むかし,昔,むかしの写真をとる,,小3
しょう,昭,しょうであそぶ,,小3
あつ,暑,あつであそぶ,,小3
くら,暗,くらであそぶ,,小3
ま,曲,まで学ぶ,,小3
あ,有,あの写真をとる,,小3
ふく,服,ふくの本をよむ,,小3
き,期,きへ行く,,小3
いた,板,いたの本をよむ,,小3
はしら,柱,はしらで学ぶ,,小3
ね,根,ねへ行く,,小3
う,植,うで学ぶ,,小3
わざ,業,わざの本をよむ,,小3
さま,様,さまの本をよむ,,小3
よこ,横,よこで学ぶ,,小3
はし,橋,はしの本をよむ,,小3
つ,次,つへ行く,,小3
よわい,歯,よわいで学ぶ,,小3
し,死,しの本をよむ,,小3
こおり,氷,こおりでおよぐ,,小3
き,決,きへ行く,,小3
あぶら,油,あぶらであそぶ,,小3
なみ,波,なみの本をよむ,,小3
そそ,注,そそで学ぶ,,小3
およ,泳,およの写真をとる,,小3
よう,洋,ようの本をよむ,,小3
なが,流,ながの写真をとる,,小3
き,消,きをかく,,小3
ふか,深,ふかをかく,,小3
あたた,温,あたたで学ぶ,,小3
みなと,港,みなとをかく,,小3
みずうみ,湖,みずうみで学ぶ,,小3
ゆ,湯,ゆであそぶ,,小3
かん,漢,かんでおよぐ,,小3
すみ,炭,すみをかく,,小3
もの,物,ものの写真をとる,,小3
たま,球,たまでおよぐ,,小3
よし,由,よしで学ぶ,,小3
もう,申,もうへ行く,,小3
かい,界,かいで学ぶ,,小3
はた,畑,はたの写真をとる,,小3
や,病,やをかく,,小3
た,発,たへ行く,,小3
のぼ,登,のぼの写真をとる,,小3
かわ,皮,かわでおよぐ,,小3
さら,皿,さらをかく,,小3
あい,相,あいで学ぶ,,小3
か,県,かへ行く,,小3
ま,真,まの本をよむ,,小3
き,着,きへ行く,,小3
みじか,短,みじかの本をよむ,,小3
と,研,とをかく,,小3
れい,礼,れいでおよぐ,,小3
かみ,神,かみの写真をとる,,小3
まつ,祭,まつへ行く,,小3
ふく,福,ふくでおよぐ,,小3
びょう,秒,びょうの写真をとる,,小3
きわ,究,きわであそぶ,,小3
しょう,章,しょうであそぶ,,小3
わらべ,童,わらべで学ぶ,,小3
ふえ,笛,ふえであそぶ,,小3
だい,第,だいへ行く,,小3
ふで,筆,ふでで学ぶ,,小3
ひと,等,ひとの本をよむ,,小3
はこ,箱,はこをかく,,小3
きゅう,級,きゅうをかく,,小3
お,終,おの写真をとる,,小3
みどり,緑,みどりをかく,,小3
ね,練,ねをかく,,小3
ひつじ,羊,ひつじをかく,,小3
うつく,美,うつくへ行く,,小3
なら,習,ならの本をよむ,,小3
もの,者,ものをかく,,小3
そだ,育,そだの写真をとる,,小3
くる,苦,くるをかく,,小3
に,荷,にをかく,,小3
お,落,おでおよぐ,,小3
は,葉,はの写真をとる,,小3
くすり,薬,くすりをかく,,小3
ち,血,ちへ行く,,小3
おもて,表,おもてでおよぐ,,小3
うた,詩,うたへ行く,,小3
しら,調,しらであそぶ,,小3
だん,談,だんをかく,,小3
まめ,豆,まめへ行く,,小3
ま,負,まをかく,,小3
お,起,おへ行く,,小3
じ,路,じへ行く,,小3
み,身,みの本をよむ,,小3
ころ,転,ころでおよぐ,,小3
かる,軽,かるの本をよむ,,小3
のう,農,のうをかく,,小3
かえ,返,かえであそぶ,,小3
お,追,おでおよぐ,,小3
おく,送,おくでおよぐ,,小3
はや,速,はやでおよぐ,,小3
すす,進,すすで学ぶ,,小3
あそ,遊,あそへ行く,,小3
はこ,運,はこでおよぐ,,小3
べ,部,べへ行く,,小3
みやこ,都,みやこへ行く,,小3
くば,配,くばでおよぐ,,小3
さけ,酒,さけでおよぐ,,小3
え,重,えへ行く,,小3
くろがね,鉄,くろがねの本をよむ,,小3
しろがね,銀,しろがねであそぶ,,小3
ひら,開,ひらの本をよむ,,小3
いん,院,いんの本をよむ,,小3
ひ,陽,ひであそぶ,,小3
きざはし,階,きざはしの本をよむ,,小3
あつ,集,あつでおよぐ,,小3
おも,面,おもの本をよむ,,小3
だい,題,だいの写真をとる,,小3
の,飲,のであそぶ,,小3
やかた,館,やかたで学ぶ,,小3
えき,駅,えきの本をよむ,,小3
はな,鼻,はなでおよぐ,,小3
ふ,不,ふであそぶ,,小4
あらそ,争,あらそで学ぶ,,小4
い,井,いをかく,,小4
つ,付,つでおよぐ,,小4
れい,令,れいでおよぐ,,小4
もっ,以,もっであそぶ,,小4
なか,仲,なかでおよぐ,,小4
つた,伝,つたでおよぐ,,小4
くらい,位,くらいへ行く,,小4
ひく,低,ひくの写真をとる,,小4
さ,佐,さの本をよむ,,小4
たと,例,たとへ行く,,小4
たよ,便,たよの写真をとる,,小4
しん,信,しんをかく,,小4
くら,倉,くらであそぶ,,小4
そうろう,候,そうろうの写真をとる,,小4
か,借,かでおよぐ,,小4
すこ,健,すこでおよぐ,,小4
かわ,側,かわへ行く,,小4
はたら,働,はたらの本をよむ,,小4
おく,億,おくへ行く,,小4
きざ,兆,きざの本をよむ,,小4
こ,児,この写真をとる,,小4
とも,共,ともで学ぶ,,小4
つわもの,兵,つわものの本をよむ,,小4
ふみ,典,ふみへ行く,,小4
つめ,冷,つめであそぶ,,小4
はじ,初,はじでおよぐ,,小4
わか,別,わかをかく,,小4
き,利,きでおよぐ,,小4
す,刷,すの本をよむ,,小4
ふく,副,ふくへ行く,,小4
いさお,功,いさおで学ぶ,,小4
くわ,加,くわで学ぶ,,小4
つと,努,つとをかく,,小4
ろう,労,ろうであそぶ,,小4
いさ,勇,いさであそぶ,,小4
つつ,包,つつの本をよむ,,小4
そっ,卒,そっの本をよむ,,小4
きょう,協,きょうでおよぐ,,小4
ひとえ,単,ひとえをかく,,小4
はく,博,はくで学ぶ,,小4
しるし,印,しるしの本をよむ,,小4
まい,参,まいで学ぶ,,小4
つかさど,司,つかさどへ行く,,小4
おのおの,各,おのおのの本をよむ,,小4
まわ,周,まわで学ぶ,,小4
とな,唱,となの本をよむ,,小4
うつわ,器,うつわで学ぶ,,小4
かた,固,かたの本をよむ,,小4
しろ,城,しろであそぶ,,小4
さき,埼,さきをかく,,小4
しお,塩,しおであそぶ,,小4
か,変,かでおよぐ,,小4
おっと,夫,おっとでおよぐ,,小4
うしな,失,うしなをかく,,小4
いかん,奈,いかんであそぶ,,小4
この,好,このの写真をとる,,小4
ひめ,媛,ひめをかく,,小4
き,季,きをかく,,小4
まご,孫,まごで学ぶ,,小4
かん,完,かんの本をよむ,,小4
かん,官,かんの写真をとる,,小4
がい,害,がいの本をよむ,,小4
と,富,とでおよぐ,,小4
さつ,察,さつであそぶ,,小4
き,岐,きの本をよむ,,小4
おか,岡,おかであそぶ,,小4
さき,崎,さきで学ぶ,,小4
す,巣,すの写真をとる,,小4
さ,差,さへ行く,,小4
まれ,希,まれで学ぶ,,小4
むしろ,席,むしろでおよぐ,,小4
お,帯,おの写真をとる,,小4
そこ,底,そこへ行く,,小4
ふ,府,ふであそぶ,,小4
こう,康,こうをかく,,小4
た,建,たで学ぶ,,小4
みち,径,みちで学ぶ,,小4
いたずら,徒,いたずらの本をよむ,,小4
とく,徳,とくの写真をとる,,小4
かなら,必,かならで学ぶ,,小4
ねん,念,ねんでおよぐ,,小4
いと,愛,いとの写真をとる,,小4
な,成,なで学ぶ,,小4
いくさ,戦,いくさの本をよむ,,小4
お,折,おの写真をとる,,小4
あ,挙,あの写真をとる,,小4
あらた,改,あらたをかく,,小4
やぶ,敗,やぶであそぶ,,小4
ち,散,ちの本をよむ,,小4
りょう,料,りょうであそぶ,,小4
はた,旗,はたへ行く,,小4
さく,昨,さくであそぶ,,小4
けい,景,けいの写真をとる,,小4
もっと,最,もっとへ行く,,小4
のぞ,望,のぞでおよぐ,,小4
いま,未,いまの写真をとる,,小4
すえ,末,すえであそぶ,,小4
ふだ,札,ふだであそぶ,,小4
ざい,材,ざいでおよぐ,,小4
たば,束,たばでおよぐ,,小4
まつ,松,まつの写真をとる,,小4
は,果,はをかく,,小4
とち,栃,とちをかく,,小4
さか,栄,さかであそぶ,,小4
つくえ,案,つくえで学ぶ,,小4
うめ,梅,うめであそぶ,,小4
なし,梨,なしであそぶ,,小4
かせ,械,かせの本をよむ,,小4
きわ,極,きわであそぶ,,小4
しるべ,標,しるべの本をよむ,,小4
はた,機,はたでおよぐ,,小4
か,欠,かをかく,,小4
のこ,残,のこの本をよむ,,小4
うじ,氏,うじをかく,,小4
たみ,民,たみの写真をとる,,小4
もと,求,もとでおよぐ,,小4
おき,沖,おきの本をよむ,,小4
おさ,治,おさの写真をとる,,小4
のり,法,のりであそぶ,,小4
な,泣,なであそぶ,,小4
あさ,浅,あさで学ぶ,,小4
あ,浴,あで学ぶ,,小4
きよ,清,きよでおよぐ,,小4
み,満,みをかく,,小4
じ,滋,じをかく,,小4
あさ,漁,あさでおよぐ,,小4
かた,潟,かたへ行く,,小4
ひ,灯,ひでおよぐ,,小4
な,無,なをかく,,小4
しか,然,しかの本をよむ,,小4
や,焼,やをかく,,小4
て,照,てをかく,,小4
くま,熊,くまでおよぐ,,小4
あつ,熱,あつをかく,,小4
まき,牧,まきをかく,,小4
とく,特,とくでおよぐ,,小4
う,産,うであそぶ,,小4
まと,的,まとへ行く,,小4
かえり,省,かえりへ行く,,小4
いわ,祝,いわをかく,,小4
ひょう,票,ひょうの写真をとる,,小4
たね,種,たねの本をよむ,,小4
つ,積,つの写真をとる,,小4
きそ,競,きそで学ぶ,,小4
わら,笑,わらでおよぐ,,小4
くだ,管,くだへ行く,,小4
ふし,節,ふしで学ぶ,,小4
つづ,約,つづをかく,,小4
むす,結,むすであそぶ,,小4
たま,給,たまの写真をとる,,小4
つづ,続,つづの写真をとる,,小4
なわ,縄,なわであそぶ,,小4
お,置,おの本をよむ,,小4
む,群,むをかく,,小4
お,老,おの写真をとる,,小4
しん,臣,しんであそぶ,,小4
よ,良,よの本をよむ,,小4
う,芸,うへ行く,,小4
め,芽,めの本をよむ,,小4
はなぶさ,英,はなぶさの本をよむ,,小4
いばら,茨,いばらで学ぶ,,小4
な,菜,なであそぶ,,小4
まち,街,まちの写真をとる,,小4
ころも,衣,ころもの本をよむ,,小4
い,要,いの写真をとる,,小4
おぼ,覚,おぼであそぶ,,小4
み,観,みをかく,,小4
おし,訓,おしの本をよむ,,小4
こころ,試,こころの本をよむ,,小4
と,説,とへ行く,,小4
か,課,かでおよぐ,,小4
ぎ,議,ぎの本をよむ,,小4
たから,貨,たからであそぶ,,小4
が,賀,がの本をよむ,,小4
いくさ,軍,いくさでおよぐ,,小4
わ,輪,わで学ぶ,,小4
や,辞,やの写真をとる,,小4
あた,辺,あたの写真をとる,,小4
つら,連,つらで学ぶ,,小4
たち,達,たちの写真をとる,,小4
えら,選,えらの本をよむ,,小4
こおり,郡,こおりで学ぶ,,小4
はか,量,はかで学ぶ,,小4
しる,録,しるの写真をとる,,小4
かがみ,鏡,かがみの本をよむ,,小4
せき,関,せきでおよぐ,,小4
ふ,阜,ふへ行く,,小4
さか,阪,さかへ行く,,小4
おか,陸,おかでおよぐ,,小4
たい,隊,たいであそぶ,,小4
しず,静,しずへ行く,,小4
じゅん,順,じゅんであそぶ,,小4
ねが,願,ねがで学ぶ,,小4
たぐ,類,たぐの写真をとる,,小4
と,飛,とでおよぐ,,小4
めし,飯,めしでおよぐ,,小4
やしな,養,やしなの写真をとる,,小4
か,香,かで学ぶ,,小4
あかし,験,あかしであそぶ,,小4
しか,鹿,しかへ行く,,小4
ひさ,久,ひさへ行く,,小5
ほとけ,仏,ほとけでおよぐ,,小5
かり,仮,かりでおよぐ,,小5
くだん,件,くだんでおよぐ,,小5
まか,任,まかでおよぐ,,小5
に,似,にへ行く,,小5
あま,余,あまであそぶ,,小5
あたい,価,あたいへ行く,,小5
たも,保,たもへ行く,,小5
おさ,修,おさで学ぶ,,小5
こ,個,こであそぶ,,小5
と,停,とをかく,,小5
そな,備,そなで学ぶ,,小5
ぞう,像,ぞうで学ぶ,,小5
ふたた,再,ふたたへ行く,,小5
かん,刊,かんでおよぐ,,小5
わか,判,わかであそぶ,,小5
せい,制,せいで学ぶ,,小5
のっと,則,のっとであそぶ,,小5
き,効,きであそぶ,,小5
つと,務,つとの本をよむ,,小5
いきお,勢,いきおをかく,,小5
あつ,厚,あつをかく,,小5
く,句,くへ行く,,小5
べ,可,べをかく,,小5
し,史,しであそぶ,,小5
つ,告,つの写真をとる,,小5
よろこ,喜,よろこをかく,,小5
いとな,営,いとなであそぶ,,小5
よ,因,よの本をよむ,,小5
かたまり,団,かたまりであそぶ,,小5
かこ,囲,かこの写真をとる,,小5
お,圧,おでおよぐ,,小5
あ,在,あの写真をとる,,小5
なら,均,ならをかく,,小5
かた,型,かたの写真をとる,,小5
もと,基,もとの本をよむ,,小5
どう,堂,どうの本をよむ,,小5
むく,報,むくへ行く,,小5
さかい,境,さかいであそぶ,,小5
はか,墓,はかの写真をとる,,小5
ま,増,まの写真をとる,,小5
さむらい,士,さむらいでおよぐ,,小5
ゆめ,夢,ゆめの本をよむ,,小5
つま,妻,つまの本をよむ,,小5
よめ,婦,よめであそぶ,,小5
い,容,いの本をよむ,,小5
よ,寄,よで学ぶ,,小5
みちび,導,みちびの写真をとる,,小5
い,居,いで学ぶ,,小5
さかん,属,さかんをかく,,小5
ぬの,布,ぬのをかく,,小5
いくさ,師,いくさへ行く,,小5
つね,常,つねで学ぶ,,小5
みき,幹,みきであそぶ,,小5
つい,序,ついの写真をとる,,小5
かんむり,弁,かんむりでおよぐ,,小5
は,張,はへ行く,,小5
い,往,いでおよぐ,,小5
え,得,えの写真をとる,,小5
また,復,またの本をよむ,,小5
シリング,志,シリングであそぶ,,小5
あた,応,あたでおよぐ,,小5
こころよ,快,こころよの写真をとる,,小5
さが,性,さがの写真をとる,,小5
なさ,情,なさの写真をとる,,小5
わざ,態,わざでおよぐ,,小5
な,慣,なの写真をとる,,小5
わざ,技,わざの本をよむ,,小5
まね,招,まねでおよぐ,,小5
さず,授,さずをかく,,小5
と,採,とでおよぐ,,小5
つ,接,つへ行く,,小5
さ,提,さであそぶ,,小5
そこ,損,そこをかく,,小5
ささ,支,ささをかく,,小5
まつりごと,政,まつりごとの写真をとる,,小5
ゆえ,故,ゆえで学ぶ,,小5
すく,救,すくであそぶ,,小5
た,断,たでおよぐ,,小5
ふる,旧,ふるへ行く,,小5
やさ,易,やさで学ぶ,,小5
あば,暴,あばであそぶ,,小5
えだ,条,えだへ行く,,小5
えだ,枝,えだの写真をとる,,小5
さ,査,さの本をよむ,,小5
かく,格,かくの本をよむ,,小5
さくら,桜,さくらの写真をとる,,小5
しら,検,しらでおよぐ,,小5
かま,構,かまへ行く,,小5
たけ,武,たけで学ぶ,,小5
れき,歴,れきをかく,,小5
ころ,殺,ころへ行く,,小5
どく,毒,どくの写真をとる,,小5
くら,比,くらの写真をとる,,小5
なが,永,ながでおよぐ,,小5
かわ,河,かわをかく,,小5
えき,液,えきの写真をとる,,小5
ま,混,まの本をよむ,,小5
へ,減,へへ行く,,小5
はか,測,はかの本をよむ,,小5
じゅん,準,じゅんであそぶ,,小5
えん,演,えんで学ぶ,,小5
いさぎよ,潔,いさぎよで学ぶ,,小5
わざわ,災,わざわをかく,,小5
も,燃,もをかく,,小5
はん,版,はんの本をよむ,,小5
おか,犯,おかでおよぐ,,小5
じょう,状,じょうで学ぶ,,小5
ひと,独,ひとをかく,,小5
ひき,率,ひきの写真をとる,,小5
あらわ,現,あらわであそぶ,,小5
と,留,との本をよむ,,小5
ほぼ,略,ほぼへ行く,,小5
ま,益,まであそぶ,,小5
まなこ,眼,まなこへ行く,,小5
やぶ,破,やぶの本をよむ,,小5
たし,確,たしへ行く,,小5
しめ,示,しめをかく,,小5
そ,祖,その写真をとる,,小5
きん,禁,きんへ行く,,小5
うつ,移,うつへ行く,,小5
ほど,程,ほどをかく,,小5
ぜい,税,ぜいへ行く,,小5
きず,築,きずの本をよむ,,小5
デシメートル,粉,デシメートルの写真をとる,,小5
しら,精,しらの本をよむ,,小5
き,紀,きの本をよむ,,小5
もと,素,もとをかく,,小5
へ,経,への本をよむ,,小5
す,統,すへ行く,,小5
た,絶,たへ行く,,小5
わた,綿,わたの本をよむ,,小5
す,総,すであそぶ,,小5
あ,編,あをかく,,小5
せき,績,せきへ行く,,小5
お,織,おであそぶ,,小5
つみ,罪,つみであそぶ,,小5
ぎ,義,ぎをかく,,小5
たがや,耕,たがやであそぶ,,小5
しょく,職,しょくの本をよむ,,小5
こ,肥,この写真をとる,,小5
よ,能,よであそぶ,,小5
すじ,脈,すじで学ぶ,,小5
おこ,興,おこで学ぶ,,小5
やど,舎,やどであそぶ,,小5
こう,航,こうでおよぐ,,小5
すべ,術,すべへ行く,,小5
えい,衛,えいの写真をとる,,小5
せい,製,せいであそぶ,,小5
ふく,複,ふくをかく,,小5
き,規,きでおよぐ,,小5
と,解,とであそぶ,,小5
もう,設,もうで学ぶ,,小5
ゆる,許,ゆるで学ぶ,,小5
あかし,証,あかしでおよぐ,,小5
ひょう,評,ひょうであそぶ,,小5
こう,講,こうへ行く,,小5
あやま,謝,あやまへ行く,,小5
し,識,しをかく,,小5
まも,護,まもでおよぐ,,小5
ゆた,豊,ゆたで学ぶ,,小5
かたど,象,かたどへ行く,,小5
たから,財,たからであそぶ,,小5
まず,貧,まずの本をよむ,,小5
せ,責,せの写真をとる,,小5
た,貯,たで学ぶ,,小5
か,貸,かの写真をとる,,小5
つい,費,ついで学ぶ,,小5
ぼう,貿,ぼうをかく,,小5
し,資,しであそぶ,,小5
たす,賛,たすへ行く,,小5
ほ,賞,ほであそぶ,,小5
たち,質,たちの本をよむ,,小5
ゆ,輸,ゆの本をよむ,,小5
の,述,のでおよぐ,,小5
まよ,迷,まよでおよぐ,,小5
さか,逆,さかで学ぶ,,小5
つく,造,つくへ行く,,小5
す,過,すへ行く,,小5
かな,適,かなへ行く,,小5
す,酸,すでおよぐ,,小5
あらがね,鉱,あらがねをかく,,小5
あかがね,銅,あかがねの写真をとる,,小5
ふせ,防,ふせでおよぐ,,小5
かぎ,限,かぎでおよぐ,,小5
けわ,険,けわで学ぶ,,小5
きわ,際,きわの本をよむ,,小5
まじ,雑,まじをかく,,小5
あら,非,あらへ行く,,小5
えり,領,えりの写真をとる,,小5
ひたい,額,ひたいで学ぶ,,小5
か,飼,かでおよぐ,,小5
な,並,なでおよぐ,,小6
みだ,乱,みだの本をよむ,,小6
ちち,乳,ちちへ行く,,小6
な,亡,なであそぶ,,小6
じん,仁,じんでおよぐ,,小6
そな,供,そなで学ぶ,,小6
はい,俳,はいの写真をとる,,小6
たわら,俵,たわらをかく,,小6
ね,値,ねの写真をとる,,小6
きず,傷,きずで学ぶ,,小6
やさ,優,やさであそぶ,,小6
なかま,党,なかまでおよぐ,,小6
ふみ,冊,ふみで学ぶ,,小6
ところ,処,ところであそぶ,,小6
けん,券,けんでおよぐ,,小6
きざ,刻,きざをかく,,小6
わ,割,わの写真をとる,,小6
つく,創,つくでおよぐ,,小6
げき,劇,げきで学ぶ,,小6
つと,勤,つとの写真をとる,,小6
あぶ,危,あぶでおよぐ,,小6
たまご,卵,たまごで学ぶ,,小6
おごそ,厳,おごそをかく,,小6
おさ,収,おさの本をよむ,,小6
きさき,后,きさきの写真をとる,,小6
いな,否,いなでおよぐ,,小6
す,吸,すの本をよむ,,小6
よ,呼,よでおよぐ,,小6
よ,善,よの写真をとる,,小6
こま,困,こまの本をよむ,,小6
た,垂,たへ行く,,小6
いき,域,いきの写真をとる,,小6
かな,奏,かなの写真をとる,,小6
ふる,奮,ふるの本をよむ,,小6
すがた,姿,すがたの写真をとる,,小6
ながら,存,ながらでおよぐ,,小6
こう,孝,こうで学ぶ,,小6
たく,宅,たくの本をよむ,,小6
う,宇,うの本をよむ,,小6
むね,宗,むねへ行く,,小6
ちゅう,宙,ちゅうで学ぶ,,小6
たから,宝,たからでおよぐ,,小6
のたま,宣,のたまであそぶ,,小6
ひそ,密,ひそで学ぶ,,小6
すん,寸,すんをかく,,小6
もっぱ,専,もっぱであそぶ,,小6
い,射,いでおよぐ,,小6
まさ,将,まさで学ぶ,,小6
たっと,尊,たっとの本をよむ,,小6
つ,就,つであそぶ,,小6
さし,尺,さしでおよぐ,,小6
とど,届,とどをかく,,小6
てん,展,てんをかく,,小6
そう,層,そうをかく,,小6
おのれ,己,おのれでおよぐ,,小6
ま,巻,までおよぐ,,小6
とばり,幕,とばりでおよぐ,,小6
ほ,干,ほをかく,,小6
おさな,幼,おさなであそぶ,,小6
やくしょ,庁,やくしょの本をよむ,,小6
すわ,座,すわの本をよむ,,小6
の,延,のへ行く,,小6
りつ,律,りつで学ぶ,,小6
したが,従,したがでおよぐ,,小6
わす,忘,わすで学ぶ,,小6
ちゅう,忠,ちゅうをかく,,小6
おん,恩,おんの本をよむ,,小6
けん,憲,けんで学ぶ,,小6
われ,我,われの写真をとる,,小6
ひ,批,ひでおよぐ,,小6
うけたまわ,承,うけたまわをかく,,小6
かつ,担,かつの写真をとる,,小6
おが,拝,おがをかく,,小6
ひろ,拡,ひろであそぶ,,小6
す,捨,すをかく,,小6
さぐ,探,さぐの写真をとる,,小6
お,推,おをかく,,小6
ふる,揮,ふるへ行く,,小6
みさお,操,みさおへ行く,,小6
うやま,敬,うやまであそぶ,,小6
かたき,敵,かたきの本をよむ,,小6
うつ,映,うつへ行く,,小6
ばん,晩,ばんの写真をとる,,小6
あたた,暖,あたたでおよぐ,,小6
く,暮,くの写真をとる,,小6
ほが,朗,ほがをかく,,小6
つくえ,机,つくえで学ぶ,,小6
まい,枚,まいの本をよむ,,小6
そ,染,そをかく,,小6
かぶ,株,かぶへ行く,,小6
ぼう,棒,ぼうの写真をとる,,小6
も,模,もの本をよむ,,小6
おもり,権,おもりで学ぶ,,小6
き,樹,きであそぶ,,小6
ほっ,欲,ほっの写真をとる,,小6
だん,段,だんで学ぶ,,小6
そ,沿,その写真をとる,,小6
いずみ,泉,いずみで学ぶ,,小6
あら,洗,あらの写真をとる,,小6
は,派,はでおよぐ,,小6
す,済,すでおよぐ,,小6
みなもと,源,みなもとでおよぐ,,小6
しお,潮,しおをかく,,小6
はげ,激,はげへ行く,,小6
はい,灰,はいであそぶ,,小6
う,熟,うの写真をとる,,小6
かた,片,かたでおよぐ,,小6
はん,班,はんへ行く,,小6
こと,異,ことの写真をとる,,小6
うたが,疑,うたがの本をよむ,,小6
いた,痛,いたでおよぐ,,小6
こう,皇,こうの写真をとる,,小6
も,盛,もで学ぶ,,小6
めい,盟,めいで学ぶ,,小6
み,看,みの写真をとる,,小6
すな,砂,すなであそぶ,,小6
じ,磁,じの写真をとる,,小6
わたくし,私,わたくしの本をよむ,,小6
ひ,秘,ひの本をよむ,,小6
こく,穀,こくであそぶ,,小6
あな,穴,あなの本をよむ,,小6
まど,窓,まどの写真をとる,,小6
すじ,筋,すじへ行く,,小6
さく,策,さくをかく,,小6
えら,簡,えらの写真をとる,,小6
とう,糖,とうの写真をとる,,小6
けい,系,けいであそぶ,,小6
べに,紅,べにをかく,,小6
おさ,納,おさの写真をとる,,小6
じゅん,純,じゅんへ行く,,小6
きぬ,絹,きぬをかく,,小6
たて,縦,たての本をよむ,,小6
ちぢ,縮,ちぢの写真をとる,,小6
しょ,署,しょで学ぶ,,小6
よく,翌,よくであそぶ,,小6
ひじり,聖,ひじりの本をよむ,,小6
はい,肺,はいをかく,,小6
い,胃,いへ行く,,小6
せ,背,せをかく,,小6
むね,胸,むねでおよぐ,,小6
のうずる,脳,のうずるで学ぶ,,小6
はらわた,腸,はらわたの本をよむ,,小6
はら,腹,はらへ行く,,小6
はらわた,臓,はらわたでおよぐ,,小6
のぞ,臨,のぞへ行く,,小6
いた,至,いたの写真をとる,,小6
した,舌,したで学ぶ,,小6
わか,若,わかの本をよむ,,小6
あらわ,著,あらわの写真をとる,,小6
む,蒸,むの写真をとる,,小6
くら,蔵,くらの写真をとる,,小6
かいこ,蚕,かいこで学ぶ,,小6
おお,衆,おおへ行く,,小6
た,裁,たの写真をとる,,小6
よそお,装,よそおであそぶ,,小6
うら,裏,うらをかく,,小6
おぎな,補,おぎなであそぶ,,小6
み,視,みをかく,,小6
み,覧,みであそぶ,,小6
う,討,うであそぶ,,小6
おとず,訪,おとずの本をよむ,,小6
わけ,訳,わけの本をよむ,,小6
ことば,詞,ことばの写真をとる,,小6
し,誌,しの本をよむ,,小6
みと,認,みとをかく,,小6
たん,誕,たんをかく,,小6
まこと,誠,まことをかく,,小6
あやま,誤,あやまをかく,,小6
あげつら,論,あげつらの写真をとる,,小6
もろ,諸,もろの本をよむ,,小6
いまし,警,いましで学ぶ,,小6
たっと,貴,たっとの写真をとる,,小6
ちん,賃,ちんをかく,,小6
しりぞ,退,しりぞでおよぐ,,小6
のこ,遺,のこへ行く,,小6
ゆう,郵,ゆうへ行く,,小6
さと,郷,さとへ行く,,小6
はり,針,はりでおよぐ,,小6
ぜに,銭,ぜにの本をよむ,,小6
はがね,鋼,はがねで学ぶ,,小6
と,閉,とでおよぐ,,小6
かく,閣,かくの写真をとる,,小6
お,降,おの写真をとる,,小6
へい,陛,へいであそぶ,,小6
のぞ,除,のぞの写真をとる,,小6
さわ,障,さわの写真をとる,,小6
かた,難,かたであそぶ,,小6
かわ,革,かわの写真をとる,,小6
いただ,頂,いただで学ぶ,,小6
あず,預,あずをかく,,小6
ほね,骨,ほねをかく,,小6